Learning with Python,349,/gp/slredirect/picassoRedirect.html/ref=pa_sp_atf_aps_sr_pg1_1?ie=UTF8&adId=A0083596R6SGQ5QESWF6&url=%2FLearning-Python-Allen-Downey%2Fdp%2F9351198146%2Fref%3Dsr_1_1_sspa%3Fdchild%3D1%26keywords%3Dpython%26qid%3D1599546995%26sr%3D8-1-spons%26psc%3D1&qualifier=1599546995&id=5522018597996929&widgetName=sp_atf
"Beginning Programming with Python For Dummies, 2ed",678,#
Let Us Python,290,/gp/slredirect/picassoRedirect.html/ref=pa_sp_atf_aps_sr_pg1_1?ie=UTF8&adId=A0083596R6SGQ5QESWF6&url=%2FLearning-Python-Allen-Downey%2Fdp%2F9351198146%2Fref%3Dsr_1_1_sspa%3Fdchild%3D1%26keywords%3Dpython%26qid%3D1599546995%26sr%3D8-1-spons%26psc%3D1&qualifier=1599546995&id=5522018597996929&widgetName=sp_atf
"PYTHON: Learn Coding Programs with Python Programming and Master Data Analysis & Analytics, Data Science and Machine Learning with the Complete Crash Course for Beginners - 4 Books in 1",0,/Allen-Downey/e/B001O8NBPS?ref=sr_ntt_srch_lnk_1&qid=1599546995&sr=8-1
Python: The Complete Reference,520,/gp/slredirect/picassoRedirect.html/ref=pa_sp_atf_aps_sr_pg1_1?ie=UTF8&adId=A0083596R6SGQ5QESWF6&url=%2FLearning-Python-Allen-Downey%2Fdp%2F9351198146%2Fref%3Dsr_1_1_sspa%3Fdchild%3D1%26keywords%3Dpython%26qid%3D1599546995%26sr%3D8-1-spons%26psc%3D1&qualifier=1599546995&id=5522018597996929&widgetName=sp_atf#customerReviews
Python Tricks,480,/gp/slredirect/picassoRedirect.html/ref=pa_sp_atf_aps_sr_pg1_1?ie=UTF8&adId=A0083596R6SGQ5QESWF6&url=%2FLearning-Python-Allen-Downey%2Fdp%2F9351198146%2Fref%3Dsr_1_1_sspa%3Fdchild%3D1%26keywords%3Dpython%26qid%3D1599546995%26sr%3D8-1-spons%26psc%3D1&qualifier=1599546995&id=5522018597996929&widgetName=sp_atf
"The Python Bible 7 in 1: Volumes One To Seven (Beginner, Intermediate, Data Science, Machine Learning, Finance, Neural Networks, Computer Vision)",0,/gp/slredirect/picassoRedirect.html/ref=pa_sp_atf_aps_sr_pg1_1?ie=UTF8&adId=A0083596R6SGQ5QESWF6&url=%2FLearning-Python-Allen-Downey%2Fdp%2F9351198146%2Fref%3Dsr_1_1_sspa%3Fdchild%3D1%26keywords%3Dpython%26qid%3D1599546995%26sr%3D8-1-spons%26psc%3D1&qualifier=1599546995&id=5522018597996929&widgetName=sp_atf
Computer Science with Python:Textbook for CBSE Class 12 (as per 2020-21 Syllabus),595,/gp/slredirect/picassoRedirect.html/ref=pa_sp_atf_aps_sr_pg1_1?ie=UTF8&adId=A02513111TI58AVVQHN78&url=%2FBeginning-Programming-Python-Dummies-2ed%2Fdp%2F8126575255%2Fref%3Dsr_1_2_sspa%3Fdchild%3D1%26keywords%3Dpython%26qid%3D1599546995%26sr%3D8-2-spons%26psc%3D1&qualifier=1599546995&id=5522018597996929&widgetName=sp_atf
"Python Crash Course, 2nd Edition: A Hands-On, Project-Based Introduction to Programming","1,588",#
Python Programming: Using Problem Solving Approach,495,/gp/slredirect/picassoRedirect.html/ref=pa_sp_atf_aps_sr_pg1_1?ie=UTF8&adId=A02513111TI58AVVQHN78&url=%2FBeginning-Programming-Python-Dummies-2ed%2Fdp%2F8126575255%2Fref%3Dsr_1_2_sspa%3Fdchild%3D1%26keywords%3Dpython%26qid%3D1599546995%26sr%3D8-2-spons%26psc%3D1&qualifier=1599546995&id=5522018597996929&widgetName=sp_atf
"Introducing Data Science: Big Data, Machine Learning, and More, Using Python Tools",650,/gp/slredirect/picassoRedirect.html/ref=pa_sp_atf_aps_sr_pg1_1?ie=UTF8&adId=A02513111TI58AVVQHN78&url=%2FBeginning-Programming-Python-Dummies-2ed%2Fdp%2F8126575255%2Fref%3Dsr_1_2_sspa%3Fdchild%3D1%26keywords%3Dpython%26qid%3D1599546995%26sr%3D8-2-spons%26psc%3D1&qualifier=1599546995&id=5522018597996929&widgetName=sp_atf#customerReviews
Practical Data Science with R (MANNING),799,/gp/slredirect/picassoRedirect.html/ref=pa_sp_atf_aps_sr_pg1_1?ie=UTF8&adId=A02513111TI58AVVQHN78&url=%2FBeginning-Programming-Python-Dummies-2ed%2Fdp%2F8126575255%2Fref%3Dsr_1_2_sspa%3Fdchild%3D1%26keywords%3Dpython%26qid%3D1599546995%26sr%3D8-2-spons%26psc%3D1&qualifier=1599546995&id=5522018597996929&widgetName=sp_atf
Python (2nd Edition): Learn Python in One Day and Learn It Well. Python for Beginners with Hands-on Project. (Learn Coding Fast with Hands-On Project Book 1),0,/gp/slredirect/picassoRedirect.html/ref=pa_sp_atf_aps_sr_pg1_1?ie=UTF8&adId=A02513111TI58AVVQHN78&url=%2FBeginning-Programming-Python-Dummies-2ed%2Fdp%2F8126575255%2Fref%3Dsr_1_2_sspa%3Fdchild%3D1%26keywords%3Dpython%26qid%3D1599546995%26sr%3D8-2-spons%26psc%3D1&qualifier=1599546995&id=5522018597996929&widgetName=sp_atf
"Pandas for Everyone: Python Data Analysis, 1e",428,/gp/bestsellers/books/14447053031/ref=sr_bs_2_14447053031_1
Programming and Problem Solving with Python,467,/Let-Us-Python-Yashavant-Kanetkar/dp/9388511565/ref=sr_1_3?dchild=1&keywords=python&qid=1599546995&sr=8-3
Python Programming |A modular approach | First Edition | By Pearson,519,/Let-Us-Python-Yashavant-Kanetkar/dp/9388511565/ref=sr_1_3?dchild=1&keywords=python&qid=1599546995&sr=8-3
Python for Everybody: Exploring Data in Python 3,400,/Yashavant-Kanetkar/e/B00JQGKFZY?ref=sr_ntt_srch_lnk_3&qid=1599546995&sr=8-3
"Python: 3 Books in 1 : Machine Learning, Python and Data Science. Learn Computer Programming for Beginners.",0,/Let-Us-Python-Yashavant-Kanetkar/dp/9388511565/ref=sr_1_3?dchild=1&keywords=python&qid=1599546995&sr=8-3#customerReviews
Computer Science with Python Textbook and Practical Book for Class 12 (Examination 2020-2021),595,/Let-Us-Python-Yashavant-Kanetkar/dp/9388511565/ref=sr_1_3?dchild=1&keywords=python&qid=1599546995&sr=8-3
"Fluent Python: Clear, Concise, and Effective Programming",351,/Let-Us-Python-Yashavant-Kanetkar/dp/9388511565/ref=sr_1_3?dchild=1&keywords=python&qid=1599546995&sr=8-3
"R in Action, 2ed (MANNING)",720,/Let-Us-Python-Future-Embrace-ebook/dp/B07WSVPRN5/ref=sr_1_3?keywords=python&qid=1599546995&sr=8-3
"R Programming For Dummies, 2ed",650,/Let-Us-Python-Future-Embrace-ebook/dp/B07WSVPRN5/ref=sr_1_3?keywords=python&qid=1599546995&sr=8-3
Business Analytics: The Science of Data - Driven Decision Making,729,/gp/slredirect/picassoRedirect.html/ref=pa_sp_atf_next_aps_sr_pg5_1?ie=UTF8&adId=A07745261A6R48JAMR8ZJ&url=%2FBusiness-Analytics-Science-Driven-Decision%2Fdp%2F8126568771%2Fref%3Dsr_1_65_sspa%3Fdchild%3D1%26keywords%3Dsql%2Bprogramming%26qid%3D1599544528%26sr%3D8-65-spons%26psc%3D1&qualifier=1599547108&id=107460832037619&widgetName=sp_atf_next
Learning with Python,349,#
Kubernetes: The Ultimate Beginners Guide to Effectively Learn Kubernetes Step-by-Step,0,/gp/slredirect/picassoRedirect.html/ref=pa_sp_atf_next_aps_sr_pg5_1?ie=UTF8&adId=A07745261A6R48JAMR8ZJ&url=%2FBusiness-Analytics-Science-Driven-Decision%2Fdp%2F8126568771%2Fref%3Dsr_1_65_sspa%3Fdchild%3D1%26keywords%3Dsql%2Bprogramming%26qid%3D1599544528%26sr%3D8-65-spons%26psc%3D1&qualifier=1599547108&id=107460832037619&widgetName=sp_atf_next
"SQL Programming: Learn the Ultimate Coding, Basic Rules of the Structured Query Language for Databases like Microsoft SQL Server (Step-By-Ste Computer Programming for Beginners)",0,/gp/slredirect/picassoRedirect.html/ref=pa_sp_atf_next_aps_sr_pg5_1?ie=UTF8&adId=A07745261A6R48JAMR8ZJ&url=%2FBusiness-Analytics-Science-Driven-Decision%2Fdp%2F8126568771%2Fref%3Dsr_1_65_sspa%3Fdchild%3D1%26keywords%3Dsql%2Bprogramming%26qid%3D1599544528%26sr%3D8-65-spons%26psc%3D1&qualifier=1599547108&id=107460832037619&widgetName=sp_atf_next#customerReviews
The Theory of Everything,169,/gp/slredirect/picassoRedirect.html/ref=pa_sp_atf_next_aps_sr_pg5_1?ie=UTF8&adId=A07745261A6R48JAMR8ZJ&url=%2FBusiness-Analytics-Science-Driven-Decision%2Fdp%2F8126568771%2Fref%3Dsr_1_65_sspa%3Fdchild%3D1%26keywords%3Dsql%2Bprogramming%26qid%3D1599544528%26sr%3D8-65-spons%26psc%3D1&qualifier=1599547108&id=107460832037619&widgetName=sp_atf_next
"SQL: Tips and Tricks to Learn SQL Programming quickly and efficiently(SQL Development, SQL Programming, Learn SQL Fast, Programming Book-2)",0,/gp/slredirect/picassoRedirect.html/ref=pa_sp_atf_next_aps_sr_pg5_1?ie=UTF8&adId=A07745261A6R48JAMR8ZJ&url=%2FBusiness-Analytics-Science-Driven-Decision%2Fdp%2F8126568771%2Fref%3Dsr_1_65_sspa%3Fdchild%3D1%26keywords%3Dsql%2Bprogramming%26qid%3D1599544528%26sr%3D8-65-spons%26psc%3D1&qualifier=1599547108&id=107460832037619&widgetName=sp_atf_next
MySQL Stored Procedure Programming,"2,122",/gp/slredirect/picassoRedirect.html/ref=pa_sp_atf_next_aps_sr_pg5_1?ie=UTF8&adId=A06552002PZXY17ODX2O8&url=%2FLearning-Python-Allen-Downey%2Fdp%2F9351198146%2Fref%3Dsr_1_66_sspa%3Fdchild%3D1%26keywords%3Dsql%2Bprogramming%26qid%3D1599544528%26sr%3D8-66-spons%26psc%3D1&qualifier=1599547108&id=107460832037619&widgetName=sp_atf_next
SQL for Data Analytics: Perform fast and efficient data analysis with the power of SQL,"1,910",#
SQL: Beginner to Pro Guide (SQL Programming),0,/gp/slredirect/picassoRedirect.html/ref=pa_sp_atf_next_aps_sr_pg5_1?ie=UTF8&adId=A06552002PZXY17ODX2O8&url=%2FLearning-Python-Allen-Downey%2Fdp%2F9351198146%2Fref%3Dsr_1_66_sspa%3Fdchild%3D1%26keywords%3Dsql%2Bprogramming%26qid%3D1599544528%26sr%3D8-66-spons%26psc%3D1&qualifier=1599547108&id=107460832037619&widgetName=sp_atf_next
Oracle Database 12c PL/SQL Advanced Programming Techniques,"3,977",/Allen-Downey/e/B001O8NBPS?ref=sr_ntt_srch_lnk_66&qid=1599544528&sr=8-66
"SQL All - In - One For Dummies, 3ed",791,/gp/slredirect/picassoRedirect.html/ref=pa_sp_atf_next_aps_sr_pg5_1?ie=UTF8&adId=A06552002PZXY17ODX2O8&url=%2FLearning-Python-Allen-Downey%2Fdp%2F9351198146%2Fref%3Dsr_1_66_sspa%3Fdchild%3D1%26keywords%3Dsql%2Bprogramming%26qid%3D1599544528%26sr%3D8-66-spons%26psc%3D1&qualifier=1599547108&id=107460832037619&widgetName=sp_atf_next#customerReviews
"HTML 5 Black Book (Covers CSS3, JavaScript, XML, XHTML, AJAX, PHP, jQuery) 2Ed.",849,/gp/slredirect/picassoRedirect.html/ref=pa_sp_atf_next_aps_sr_pg5_1?ie=UTF8&adId=A06552002PZXY17ODX2O8&url=%2FLearning-Python-Allen-Downey%2Fdp%2F9351198146%2Fref%3Dsr_1_66_sspa%3Fdchild%3D1%26keywords%3Dsql%2Bprogramming%26qid%3D1599544528%26sr%3D8-66-spons%26psc%3D1&qualifier=1599547108&id=107460832037619&widgetName=sp_atf_next
"SQL PROGRAMMING FOR BEGINNERS: THE GUIDE with STEP BY STEP processes on DATA ANALYSIS, DATA ANALITICS and PROGRAMMING LANGUAGE. learn sql server technique for analyzing and manipulating the codes",0,/gp/slredirect/picassoRedirect.html/ref=pa_sp_atf_next_aps_sr_pg5_1?ie=UTF8&adId=A06552002PZXY17ODX2O8&url=%2FLearning-Python-Allen-Downey%2Fdp%2F9351198146%2Fref%3Dsr_1_66_sspa%3Fdchild%3D1%26keywords%3Dsql%2Bprogramming%26qid%3D1599544528%26sr%3D8-66-spons%26psc%3D1&qualifier=1599547108&id=107460832037619&widgetName=sp_atf_next
Programming Pig 2e,"1,919",/Kubernetes-Beginners-Effectively-Step-Step-ebook/dp/B08GGD94TW/ref=sr_1_67?dchild=1&keywords=sql+programming&qid=1599544528&sr=8-67
ORACLE PL/SQL Interview Questions You’ll Most Likely Be Asked: 12 (Job Interview Questions Series),499,/Kubernetes-Beginners-Effectively-Step-Step-ebook/dp/B08GGD94TW/ref=sr_1_67?dchild=1&keywords=sql+programming&qid=1599544528&sr=8-67
Oracle Database 12c PL/SQL Programming,935,/Mark-Reed/e/B088Q7PRHR?ref=sr_ntt_srch_lnk_67&qid=1599544528&sr=8-67
PowerShell: The Ultimate Beginners Guide to Learn PowerShell Step-by-Step,0,/Kubernetes-Beginners-Effectively-Step-Step-ebook/dp/B08GGD94TW/ref=sr_1_67?dchild=1&keywords=sql+programming&qid=1599544528&sr=8-67#customerReviews
Practical DMX Queries for Microsoft SQL Server Analysis Services 2008,"2,368",/Kubernetes-Beginners-Effectively-Step-Step-ebook/dp/B08GGD94TW/ref=sr_1_67?dchild=1&keywords=sql+programming&qid=1599544528&sr=8-67
SQL: The Ultimate Beginner's Step-by-Step Guide to Learn SQL Programming with Hands-On Projects,"1,499",/Kubernetes-Beginners-Effectively-Step-Step-ebook/dp/B08GGD94TW/ref=sr_1_67?dchild=1&keywords=sql+programming&qid=1599544528&sr=8-67
"Programming: HTML: Programming Guide: Computer Programming:  LEARN IN A DAY! (PHP, Java, Web Design, Computer Programming, SQL, HTML, PHP)",0,/kindle-dbs/ku2?passThroughAsin=B08GGD94TW&ref_=mbs_ku_lp
Advanced SQL:1999: Understanding Object-Relational and Other Advanced Features (The Morgan Kaufmann Series in Data Management Systems),851,/SQL-Programming-Structured-Step-Ste-ebook/dp/B084JJZL23/ref=sr_1_68?dchild=1&keywords=sql+programming&qid=1599544528&sr=8-68
Software Architecture: Interview Questions,228,/SQL-Programming-Structured-Step-Ste-ebook/dp/B084JJZL23/ref=sr_1_68?dchild=1&keywords=sql+programming&qid=1599544528&sr=8-68
Business Analytics: The Science of Data - Driven Decision Making,729,#s-skipLinkTargetForMainSearchResults
Learning with Python,349,/s?k=sql+programming&rh=p_90%3A6741118031&dc&qid=1599547115&rnid=6741116031&ref=sr_nr_p_90_1
"PHP Advanced and Object-Oriented Programming: Visual QuickPro Guide, Third Edition",709,/s?k=sql+programming&rh=p_90%3A20912642031&dc&qid=1599547115&rnid=6741116031&ref=sr_nr_p_90_2
Programming: 4 Manuscripts in 1 book : Python For Beginners - Python 3 Guide - Learn Java - Excel 2016,0,/s/other?k=sql+programming&pickerToList=delivery_day&qid=1599547115&ref=sr_sa_p_90
T-SQL Fundamentals,"3,369",/s?k=sql+programming&rh=p_72%3A1318476031&dc&qid=1599547115&rnid=1318475031&ref=sr_nr_p_72_1
Oracle PL/SQL Tuning: Expert Secrets for High Performance Programming: Volume 8 (Oracle In-Focus),"1,510",/s?k=sql+programming&rh=p_72%3A1318477031&dc&qid=1599547115&rnid=1318475031&ref=sr_nr_p_72_2
SQL: A Practical Introduction Guide to Learn Sql Programming Language. Learn Coding Faster with Hands-On Project. Crash Course Guide for your Computer Programming,0,/s?k=sql+programming&rh=p_72%3A1318478031&dc&qid=1599547115&rnid=1318475031&ref=sr_nr_p_72_3
"Web Coding Bible (18 Books in 1 -- HTML, CSS, Javascript, PHP, SQL, XML, SVG, Canvas, WebGL, Java Applet, ActionScript, htaccess, jQuery, WordPress, SEO and many more): An Accelerated Course",0,/s?k=sql+programming&rh=p_72%3A1318479031&dc&qid=1599547115&rnid=1318475031&ref=sr_nr_p_72_4
PHP Programming and MySQL For Beginners: A Simple Start To PHP & MySQL (Written By A Software Engineer),"4,009",/s?k=sql+programming&rh=n%3A976389031&dc&qid=1599547115&rnid=3576079031&ref=sr_nr_n_1
Sams Teach Yourself SQL in 10 Minutes,791,/s?k=sql+programming&rh=n%3A976389031%2Cn%3A15417300031&dc&qid=1599547115&rnid=3576079031&ref=sr_nr_n_2
"SQL All - In - One For Dummies, 3ed",849,/s?k=sql+programming&rh=n%3A976389031%2Cn%3A1318110031&dc&qid=1599547115&rnid=3576079031&ref=sr_nr_n_3
"HTML 5 Black Book (Covers CSS3, JavaScript, XML, XHTML, AJAX, PHP, jQuery) 2Ed.",0,/s?k=sql+programming&rh=n%3A1571277031&dc&qid=1599547115&rnid=3576079031&ref=sr_nr_n_4
SQL: A Step-by-Step Guide for Beginners,0,/s?k=sql+programming&rh=n%3A1571277031%2Cn%3A1637059031&dc&qid=1599547115&rnid=3576079031&ref=sr_nr_n_5
"Dynamic SQL: Applications, Performance, and Security in Microsoft SQL Server",314,/s?k=sql+programming&rh=n%3A1571277031%2Cn%3A1637065031&dc&qid=1599547115&rnid=3576079031&ref=sr_nr_n_6
"Coding Languages for Absolute Beginners: 6 Books in 1: Arduino, C++, C#, Powershell, Python & SQL",0,/s?k=sql+programming&i=misc&dc&qid=1599547115&ref=sr_nr_i_7
Exam Ref 70-761 Querying Data with Transact-SQL,709,/s?k=sql+programming&rh=n%3A976389031%2Cp_n_feature_three_browse-bin%3A9141482031&dc&qid=1599547115&rnid=9141481031&ref=sr_nr_p_n_feature_three_browse-bin_1
The Language of SQL,851,/s?k=sql+programming&rh=n%3A1571277031%2Cp_n_feature_three_browse-bin%3A11301931031&dc&qid=1599547115&rnid=10837938031&ref=sr_nr_p_n_feature_three_browse-bin_1
DevOps: The Ultimate Beginners Guide to Learn DevOps Step-by-Step,228,/s?k=sql+programming&rh=p_n_is_cod_eligible%3A4931671031&dc&qid=1599547115&rnid=4931670031&ref=sr_nr_p_n_is_cod_eligible_1
,,/s?k=sql+programming&rh=p_n_is_cod_eligible%3A4931671031&dc&qid=1599547115&rnid=4931670031&ref=sr_nr_p_n_is_cod_eligible_1
,,/s?k=sql+programming&rh=p_n_is_cod_eligible%3A4931671031&dc&qid=1599547115&rnid=4931670031&ref=sr_nr_p_n_is_cod_eligible_1
,,/s?k=sql+programming&rh=p_n_is_cod_eligible%3A4931671031&dc&qid=1599547115&rnid=4931670031&ref=sr_nr_p_n_is_cod_eligible_1
,,/s?k=sql+programming&rh=p_n_is_cod_eligible%3A4931671031&dc&qid=1599547115&rnid=4931670031&ref=sr_nr_p_n_is_cod_eligible_1
Business Analytics: The Science of Data - Driven Decision Making,729,/gp/slredirect/picassoRedirect.html/ref=pa_sp_atf_next_aps_sr_pg5_1?ie=UTF8&adId=A07745261A6R48JAMR8ZJ&url=%2FBusiness-Analytics-Science-Driven-Decision%2Fdp%2F8126568771%2Fref%3Dsr_1_65_sspa%3Fdchild%3D1%26keywords%3Dsql%2Bprogramming%26qid%3D1599544528%26sr%3D8-65-spons%26psc%3D1&qualifier=1599547119&id=3255045604798342&widgetName=sp_atf_next
Learning with Python,349,#
"PHP Advanced and Object-Oriented Programming: Visual QuickPro Guide, Third Edition",709,/gp/slredirect/picassoRedirect.html/ref=pa_sp_atf_next_aps_sr_pg5_1?ie=UTF8&adId=A07745261A6R48JAMR8ZJ&url=%2FBusiness-Analytics-Science-Driven-Decision%2Fdp%2F8126568771%2Fref%3Dsr_1_65_sspa%3Fdchild%3D1%26keywords%3Dsql%2Bprogramming%26qid%3D1599544528%26sr%3D8-65-spons%26psc%3D1&qualifier=1599547119&id=3255045604798342&widgetName=sp_atf_next
Programming: 4 Manuscripts in 1 book : Python For Beginners - Python 3 Guide - Learn Java - Excel 2016,0,/gp/slredirect/picassoRedirect.html/ref=pa_sp_atf_next_aps_sr_pg5_1?ie=UTF8&adId=A07745261A6R48JAMR8ZJ&url=%2FBusiness-Analytics-Science-Driven-Decision%2Fdp%2F8126568771%2Fref%3Dsr_1_65_sspa%3Fdchild%3D1%26keywords%3Dsql%2Bprogramming%26qid%3D1599544528%26sr%3D8-65-spons%26psc%3D1&qualifier=1599547119&id=3255045604798342&widgetName=sp_atf_next#customerReviews
T-SQL Fundamentals,"3,369",/gp/slredirect/picassoRedirect.html/ref=pa_sp_atf_next_aps_sr_pg5_1?ie=UTF8&adId=A07745261A6R48JAMR8ZJ&url=%2FBusiness-Analytics-Science-Driven-Decision%2Fdp%2F8126568771%2Fref%3Dsr_1_65_sspa%3Fdchild%3D1%26keywords%3Dsql%2Bprogramming%26qid%3D1599544528%26sr%3D8-65-spons%26psc%3D1&qualifier=1599547119&id=3255045604798342&widgetName=sp_atf_next
Oracle PL/SQL Tuning: Expert Secrets for High Performance Programming: Volume 8 (Oracle In-Focus),"1,510",/gp/slredirect/picassoRedirect.html/ref=pa_sp_atf_next_aps_sr_pg5_1?ie=UTF8&adId=A07745261A6R48JAMR8ZJ&url=%2FBusiness-Analytics-Science-Driven-Decision%2Fdp%2F8126568771%2Fref%3Dsr_1_65_sspa%3Fdchild%3D1%26keywords%3Dsql%2Bprogramming%26qid%3D1599544528%26sr%3D8-65-spons%26psc%3D1&qualifier=1599547119&id=3255045604798342&widgetName=sp_atf_next
SQL: A Practical Introduction Guide to Learn Sql Programming Language. Learn Coding Faster with Hands-On Project. Crash Course Guide for your Computer Programming,0,/gp/slredirect/picassoRedirect.html/ref=pa_sp_atf_next_aps_sr_pg5_1?ie=UTF8&adId=A06552002PZXY17ODX2O8&url=%2FLearning-Python-Allen-Downey%2Fdp%2F9351198146%2Fref%3Dsr_1_66_sspa%3Fdchild%3D1%26keywords%3Dsql%2Bprogramming%26qid%3D1599544528%26sr%3D8-66-spons%26psc%3D1&qualifier=1599547119&id=3255045604798342&widgetName=sp_atf_next
"Web Coding Bible (18 Books in 1 -- HTML, CSS, Javascript, PHP, SQL, XML, SVG, Canvas, WebGL, Java Applet, ActionScript, htaccess, jQuery, WordPress, SEO and many more): An Accelerated Course",0,#
PHP Programming and MySQL For Beginners: A Simple Start To PHP & MySQL (Written By A Software Engineer),"4,009",/gp/slredirect/picassoRedirect.html/ref=pa_sp_atf_next_aps_sr_pg5_1?ie=UTF8&adId=A06552002PZXY17ODX2O8&url=%2FLearning-Python-Allen-Downey%2Fdp%2F9351198146%2Fref%3Dsr_1_66_sspa%3Fdchild%3D1%26keywords%3Dsql%2Bprogramming%26qid%3D1599544528%26sr%3D8-66-spons%26psc%3D1&qualifier=1599547119&id=3255045604798342&widgetName=sp_atf_next
Sams Teach Yourself SQL in 10 Minutes,791,/Allen-Downey/e/B001O8NBPS?ref=sr_ntt_srch_lnk_66&qid=1599544528&sr=8-66
"SQL All - In - One For Dummies, 3ed",849,/gp/slredirect/picassoRedirect.html/ref=pa_sp_atf_next_aps_sr_pg5_1?ie=UTF8&adId=A06552002PZXY17ODX2O8&url=%2FLearning-Python-Allen-Downey%2Fdp%2F9351198146%2Fref%3Dsr_1_66_sspa%3Fdchild%3D1%26keywords%3Dsql%2Bprogramming%26qid%3D1599544528%26sr%3D8-66-spons%26psc%3D1&qualifier=1599547119&id=3255045604798342&widgetName=sp_atf_next#customerReviews
"HTML 5 Black Book (Covers CSS3, JavaScript, XML, XHTML, AJAX, PHP, jQuery) 2Ed.",0,/gp/slredirect/picassoRedirect.html/ref=pa_sp_atf_next_aps_sr_pg5_1?ie=UTF8&adId=A06552002PZXY17ODX2O8&url=%2FLearning-Python-Allen-Downey%2Fdp%2F9351198146%2Fref%3Dsr_1_66_sspa%3Fdchild%3D1%26keywords%3Dsql%2Bprogramming%26qid%3D1599544528%26sr%3D8-66-spons%26psc%3D1&qualifier=1599547119&id=3255045604798342&widgetName=sp_atf_next
SQL: A Step-by-Step Guide for Beginners,0,/gp/slredirect/picassoRedirect.html/ref=pa_sp_atf_next_aps_sr_pg5_1?ie=UTF8&adId=A06552002PZXY17ODX2O8&url=%2FLearning-Python-Allen-Downey%2Fdp%2F9351198146%2Fref%3Dsr_1_66_sspa%3Fdchild%3D1%26keywords%3Dsql%2Bprogramming%26qid%3D1599544528%26sr%3D8-66-spons%26psc%3D1&qualifier=1599547119&id=3255045604798342&widgetName=sp_atf_next
"Dynamic SQL: Applications, Performance, and Security in Microsoft SQL Server",314,/PHP-Advanced-Object-Oriented-Programming-QuickPro/dp/9332502099/ref=sr_1_67?dchild=1&keywords=sql+programming&qid=1599544528&sr=8-67
"Coding Languages for Absolute Beginners: 6 Books in 1: Arduino, C++, C#, Powershell, Python & SQL",0,/PHP-Advanced-Object-Oriented-Programming-QuickPro/dp/9332502099/ref=sr_1_67?dchild=1&keywords=sql+programming&qid=1599544528&sr=8-67
Exam Ref 70-761 Querying Data with Transact-SQL,709,/PHP-Advanced-Object-Oriented-Programming-QuickPro/dp/9332502099/ref=sr_1_67?dchild=1&keywords=sql+programming&qid=1599544528&sr=8-67#customerReviews
The Language of SQL,851,/PHP-Advanced-Object-Oriented-Programming-QuickPro/dp/9332502099/ref=sr_1_67?dchild=1&keywords=sql+programming&qid=1599544528&sr=8-67
DevOps: The Ultimate Beginners Guide to Learn DevOps Step-by-Step,228,/PHP-Advanced-Object-Oriented-Programming-QuickPro/dp/9332502099/ref=sr_1_67?dchild=1&keywords=sql+programming&qid=1599544528&sr=8-67
,,/PHP-Advanced-Object-Oriented-Programming-QuickPro/dp/9332502099/ref=sr_1_67?dchild=1&keywords=sql+programming&qid=1599544528&sr=8-67
,,/PHP-Advanced-Object-Oriented-Programming-QuickPro/dp/9332502099/ref=sr_1_67?dchild=1&keywords=sql+programming&qid=1599544528&sr=8-67
,,/PHP-Advanced-Object-Oriented-Programming-QuickPro/dp/9332502099/ref=sr_1_67?dchild=1&keywords=sql+programming&qid=1599544528&sr=8-67
,,/PHP-Advanced-Object-Oriented-Programming-QuickPro/dp/9332502099/ref=sr_1_67?dchild=1&keywords=sql+programming&qid=1599544528&sr=8-67
Business Analytics: The Science of Data - Driven Decision Making,729,#s-skipLinkTargetForMainSearchResults
Learning with Python,349,/s?k=sql+programming&rh=p_85%3A10440599031&dc&qid=1599547124&rnid=10440598031&ref=sr_nr_p_85_1
SQL: The Most Up-To-Date Guide For Beginners To Learn SQL Programming,214,/s?k=sql+programming&rh=p_90%3A6741118031&dc&qid=1599547124&rnid=6741116031&ref=sr_nr_p_90_1
Sams Teach Yourself SQL in 24 Hours (Sams Teach Yourself in 24 Hours),"1,999",/s?k=sql+programming&rh=p_90%3A20912642031&dc&qid=1599547124&rnid=6741116031&ref=sr_nr_p_90_2
SQL: Comprehensive Beginners Guide to SQL Programming with Exercises and Case Studies,0,/s/other?k=sql+programming&pickerToList=delivery_day&qid=1599547124&ref=sr_sa_p_90
LINUX for Developers: Jumpstart Your Linux Programming Skills,332,/s?k=sql+programming&rh=n%3A976389031&dc&qid=1599547124&rnid=3576079031&ref=sr_nr_n_1
A Visual Introduction to SQL,"2,950",/s?k=sql+programming&rh=n%3A976389031%2Cn%3A15417300031&dc&qid=1599547124&rnid=3576079031&ref=sr_nr_n_2
Kubernetes: The Ultimate Beginners Guide to Effectively Learn Kubernetes Step-by-Step,0,/s?k=sql+programming&rh=n%3A976389031%2Cn%3A1318105031&dc&qid=1599547124&rnid=3576079031&ref=sr_nr_n_3
Pro Oracle SQL (Expert's Voice in Oracle),"4,394",/s?k=sql+programming&rh=n%3A976389031%2Cn%3A1318185031&dc&qid=1599547124&rnid=3576079031&ref=sr_nr_n_4
"SQL Programming: Learn the Ultimate Coding, Basic Rules of the Structured Query Language for Databases like Microsoft SQL Server (Step-By-Ste Computer Programming for Beginners)",0,/s?k=sql+programming&rh=n%3A1571277031&dc&qid=1599547124&rnid=3576079031&ref=sr_nr_n_5
"SQL All - In - One For Dummies, 3ed",791,/s?k=sql+programming&rh=n%3A1571277031%2Cn%3A1634753031&dc&qid=1599547124&rnid=3576079031&ref=sr_nr_n_6
"HTML 5 Black Book (Covers CSS3, JavaScript, XML, XHTML, AJAX, PHP, jQuery) 2Ed.",849,/s?k=sql+programming&rh=p_72%3A1318476031&dc&qid=1599547124&rnid=1318475031&ref=sr_nr_p_72_1
Pro SQL Server 2005 Reporting Services,"2,671",/s?k=sql+programming&rh=p_72%3A1318477031&dc&qid=1599547124&rnid=1318475031&ref=sr_nr_p_72_2
"SQL: Tips and Tricks to Learn SQL Programming quickly and efficiently(SQL Development, SQL Programming, Learn SQL Fast, Programming Book-2)",0,/s?k=sql+programming&rh=p_72%3A1318478031&dc&qid=1599547124&rnid=1318475031&ref=sr_nr_p_72_3
SQL Server Security Distilled,"3,999",/s?k=sql+programming&rh=p_72%3A1318479031&dc&qid=1599547124&rnid=1318475031&ref=sr_nr_p_72_4
SQL: Beginner to Pro Guide (SQL Programming),0,/s?k=sql+programming&rh=n%3A976389031%2Cp_36%3A1741388031&dc&qid=1599547124&rnid=1741387031&ref=sr_nr_p_36_1
A Visual Introduction to SQL,"4,800",/s?k=sql+programming&rh=n%3A976389031%2Cp_36%3A1741389031&dc&qid=1599547124&rnid=1741387031&ref=sr_nr_p_36_2
"SQL PROGRAMMING FOR BEGINNERS: THE GUIDE with STEP BY STEP processes on DATA ANALYSIS, DATA ANALITICS and PROGRAMMING LANGUAGE. learn sql server technique for analyzing and manipulating the codes",0,/s?k=sql+programming&rh=n%3A976389031%2Cp_36%3A1741390031&dc&qid=1599547124&rnid=1741387031&ref=sr_nr_p_36_3
Beginning Microsoft SQL Server 2012 Programming,371,/s?k=sql+programming&rh=n%3A976389031%2Cp_36%3A1741391031&dc&qid=1599547124&rnid=1741387031&ref=sr_nr_p_36_4
SQL Server 7: Developer's Guide (SQL Server Professional Library),"3,457.",/s?k=sql+programming&rh=n%3A976389031%2Cp_36%3A1741392031&dc&qid=1599547124&rnid=1741387031&ref=sr_nr_p_36_5
Advanced SQL:1999: Understanding Object-Relational and Other Advanced Features (The Morgan Kaufmann Series in Data Management Systems),851,/s?k=sql+programming&rh=n%3A976389031%2Cp_n_publication_date%3A2684819031&dc&qid=1599547124&rnid=2684818031&ref=sr_nr_p_n_publication_date_1
Software Architecture: Interview Questions,228,/s?k=sql+programming&rh=n%3A976389031%2Cp_n_publication_date%3A2684820031&dc&qid=1599547124&rnid=2684818031&ref=sr_nr_p_n_publication_date_2
