author,price,rating,title
Alboukadel Kassambara,38,6,Ultimate Pocoyo Nick Jr. 6-Volume DVD Collection: Pocoyo & Friends / Boo! / Fun & Games / Let's Play / Pocoyo's World / Pocoyo's Circus [Learning & Educational DVD Set]
Chris Fregly,48,25,"Mighty Machines: Learning, Lifting and Towing"
 and ,20,18,Machine Learning Essentials: Practical Guide in R
Antje Barth,0,77,"Data Science on AWS: Implementing End-to-End, Continuous AI and Machine Learning Pipelines"
A high quality digital reading experience.,44,923,Machine Learning For Absolute Beginners: A Plain English Introduction (Second Edition) (Machine Learning From Scratch Book 1)
Hariom Tatsat,24,36,Machine Learning and Data Science Blueprints for Finance: From Building Trading Strategies to Robo-Advisors Using Python
", ",42,466,Advances in Financial Machine Learning
Sahil Puri,41,15,Machine Learning: A Bayesian and Optimization Perspective
", et al.",1,31,Programming Machine Learning: From Coding to Deep Learning
Marcos Lopez de Prado,112,1,Machine Learning
Sergios Theodoridis,40,1,"An Introduction to Electronic Warfare from the First Jamming to Machine Learning Techniques (River Publishers Series in Signal, Image and Speech Processing)"
Paolo Perrotta,47,18,"Knowledge Graphs: Fundamentals, Techniques, and Applications (Adaptive Computation and Machine Learning series)"
Chi-Hao Cheng,13,18,Machine Learning with PyTorch and Scikit-Learn: Develop machine learning and deep learning models with Python
 and ,81,33,"Learning Deep Learning: Theory and Practice of Neural Networks, Computer Vision, Natural Language Processing, and Transformers Using TensorFlow"
James Tsui,0,79,"Python Machine Learning for Beginners: Learning from scratch NumPy, Pandas, Matplotlib, Seaborn, Scikitlearn, and TensorFlow for Machine Learning and ... Learning & Data Science for Beginners)"
Sebastian Raschka,16,49,Machine Learning in Finance: From Theory to Practice
", ",0,91,Python Machine Learning: The Ultimate Beginner's Guide to Learn Python Machine Learning Step by Step using Scikit-Learn and Tensorflow (Computer Programming)
Yuxi (Hayden) Liu,0,7,Real World AI: A Practical Guide for Responsible Machine Learning
", et al.",0,35,Machine Learning for Beginners: Learn and Understand the Basics of Artificial Intelligence. A Beginner's Guide to Properly Understand Machine Learning Essentials with Data Science Principles
Magnus Ekman,33,10,Machine Learning and Security: Protecting Systems with Data and Algorithms
Matthew F. Dixon,84,41,Machine Learning: 4 Books in 1: A Complete Overview for Beginners to Master the Basics of Python Programming and Understand How to Build Artificial Intelligence Through Data Science
", ",29,30,"Machine Learning Mathematics: Study Deep Learning Through Data Science: How to Build Artificial Intelligence Through Concepts of Statistics, Algorithms, Analysis and Data Mining"
Igor Halperin,74,789,An Introduction to Statistical Learning: with Applications in R (Springer Texts in Statistics)
", et al.",34,5,"The Elements of Statistical Learning: Data Mining, Inference, and Prediction, Second Edition (Springer Series in Statistics)"
Alyssa Simpson Rochwerger,249,200,Machine Learning in Business: An Introduction to the World of Data Science
 and ,61,43,Data Mining: Concepts and Techniques (The Morgan Kaufmann Series in Data Management Systems)
Wilson Pang,44,180,"Python Machine Learning By Example: Build intelligent systems using Python, TensorFlow 2, PyTorch, and scikit-learn, 3rd Edition"
Clarence Chio,1,1,"Data Analysis, Machine Learning and Applications: Proceedings of the 31st Annual Conference of the Gesellschaft für Klassifikation e.V., ... Data Analysis, and Knowledge Organization)"
 and ,28,244,"Data-Driven Science and Engineering: Machine Learning, Dynamical Systems, and Control"
David Freeman,30,173,Art in the Age of Machine Learning (Leonardo)
Samuel Hack,19,157,Python Machine Learning Projects
 and ,42,54,Learning From Data
Sean Antony,97,23,The Hundred-Page Machine Learning Book
John C Hull,63,21,Machine Learning: An Applied Mathematics Introduction
Yuxi (Hayden) Liu,0,138,Feature Engineering for Machine Learning: Principles and Techniques for Data Scientists
Steven L. Brunton,0,244,"Foundations of Machine Learning, second edition (Adaptive Computation and Machine Learning series)"
 and ,85,14,Hands-On Machine Learning with R (Chapman & Hall/CRC The R Series)
J. Nathan Kutz,23,21,"Machine Learning: 2 Books in 1 – The Complete Guide for Beginners to Master Neural Networks, Artificial Intelligence, and Data Science with Python (2nd Edition) (Python Programming)"
Sofian Audry,47,11,Data Science for Beginners: 4 Books in 1 — Master the Basics of Python Programming and Learn The Art of Data Science with Real-World Applications to Artificial Intelligence and Machine Learning
 and ,150,2,"Statistics, Data Mining, and Machine Learning in Astronomy: A Practical Python Guide for the Analysis of Survey Data, Updated Edition (Princeton Series in Modern Observational Astronomy, 13)"
Yoshua Bengio,42,27,Automated Machine Learning with Microsoft Azure: Build highly accurate and scalable end-to-end AI solutions with Azure AutoML
Yaser S. Abu-Mostafa,70,30,Interpretable Machine Learning
", ",32,13,Machine Learning for Future Wireless Communications (IEEE Press)
Malik Magdon-Ismail,0,358,Graph-Powered Machine Learning
Peter Bruce,25,358,Practical Statistics for Data Scientists: 50+ Essential Concepts Using R and Python
", ",59,6,Supervised Machine Learning for Text Analysis in R (Chapman & Hall/CRC Data Science Series)
Andrew Bruce,82,2,Learning for Adaptive and Reactive Robot Control: A Dynamical Systems Approach (Intelligent Robotics and Autonomous Agents series)
", et al.",129,11,Machine Learning with Quantum Computers (Quantum Science and Technology)
Emil Hvitfeldt,63,3,Learn Machine Learning: Crash Course for Beginners
 and ,52,6,Introduction to Data Mining and Analytics
Julia Silge,49,29,Machine Learning for Financial Risk Management with Python: Algorithms for Modeling Risk
Kris Jamsa,25,19,Machine Learning in Biotechnology and Life Sciences: Build machine learning models using Python and deploy them on the cloud
Abdullah Karasan,40,38,"Machine Learning Refined: Foundations, Algorithms, and Applications"
Saleh Alkhalifa,0,722,Machine Learning for Kids: A Project-Based Introduction to Artificial Intelligence
Jeremy Watt,23,117,Practical Machine Learning in R
", ",43,7,A Thousand Brains: A New Theory of Intelligence
Reza Borhani,0,47,Machine Learning with Python Cookbook: Practical Solutions from Preprocessing to Deep Learning
", et al.",213,7,"Machine Learning with BigQuery ML: Create, execute, and improve machine learning models in BigQuery using standard SQL queries"
Dale Lane,61,32,Gaussian Processes for Machine Learning (Adaptive Computation and Machine Learning series)
Fred Nwanganga,49,6,"Predictive Analytics: Data Mining, Machine Learning and Data Science for Practitioners, 2nd Edition (Pearson Business Analytics Series)"
 and ,31,20,"Machine Learning: Machine Learning For Absolute Beginners, Finance, Business Math, Statistics, Python, Algorithms, Applications, Theory, Design Patterns, Engineering, Excel, Math & Mathematics."
Mike Chapple,31,"8,159",Neural Networks and Learning Machines
Jeff Hawkins,13,19,AWS DeepRacer TV
", ",65,148,"Machine Learning for Signal Processing: Data Science, Algorithms, and Computational Statistics"
Richard Dawkins - foreword,42,68,"Hands-On Machine Learning with C++: Build, train, and deploy end-to-end machine learning and deep learning pipelines"
", et al.",24,"1,061",Archive
Chris Albon,0,90,"Engineering MLOps: Rapidly build, test, and manage production-ready machine learning life cycles at scale"
Alessandro Marrandino,75,2,TinyML: Machine Learning with TensorFlow Lite on Arduino and Ultra-Low-Power Microcontrollers
Carl Edward Rasmussen,42,93,Bayesian Reasoning and Machine Learning
 and ,49,1,Deep Learning with Python
Christopher K. I. Williams,63,5,"Fundamentals of Machine Learning for Predictive Data Anayltics: Algorithms, Worked Examples, and Case Studies"
Dursun Delen,94,14,Machine Learning with Dynamics 365 and Power Platform: The Ultimate Guide to Apply Predictive Analytics
Jerry Ramonyai,27,2,"Becoming a Data Head: How to Think, Speak and Understand Data Science, Statistics and Machine Learning"
Simon Haykin,49,252,"Machine Learning: Machine Learning For Absolute Beginners, Finance, Business Math, Statistics, Python, Algorithms, Applications, Theory, Design Patterns, Engineering, Excel, Math & Mathematics."
Max A. Little,1,17,Machine Learning for Risk Calculations: A Practitioner's View (The Wiley Finance Series)
Kirill Kolodiazhnyi,58,139,"Machine Learning in Asset Pricing (Princeton Lectures in Finance, 1)"
Emmanuel Raj,140,13,Data Mining and Machine Learning: Fundamental Concepts and Algorithms
Pete Warden,0,36,Machine Learning In Computational Finance: Practical algorithms for building artificial intelligence applications
 and ,0,35,"Machine Learning for Sustainable Development (De Gruyter Frontiers in Computational Intelligence, 9)"
Daniel Situnayake,51,3,"Python Machine Learning - Second Edition: Machine Learning and Deep Learning with Python, scikit-learn, and TensorFlow"
David Barber,34,9,AWS Certified Machine Learning Specialty: MLS-C01 Certification Guide: The definitive guide to passing the MLS-C01 exam on the very first attempt
Francois Chollet,44,29,The Secret Life of Chaos
John D. Kelleher,36,16,"Graph Representation Learning (Synthesis Lectures on Artificial Intelligence and Machine Learning, 46)"
", ",44,65,Game Theory and Machine Learning for Cyber Security
Kai R. Larsen,17,2,Automated Machine Learning for Business
 and ,29,2,Introduction to Statistical and Machine Learning Methods for Data Science
Daniel S. Becker,19,14,Python Machine Learning Workbook for Beginners: 10 Machine Learning Projects Explained from Scratch
Dr. Carlos Andre Reis Andre Reis Pinheiro,0,1,Applied Machine Learning
 and ,69,21,"Machine Learning: Machine Learning For Absolute Beginners, Finance, Business Math, Statistics, Python, Algorithms, Applications, Theory, Design Patterns, Engineering, Excel, Math & Mathematics."
Mike Patetta,105,7,"Validity, Reliability, and Significance: Empirical Methods for Nlp and Data Science (Synthesis Lectures on Human Language Technologies)"
David Forsyth,99,771,Intelligence-Based Medicine: Artificial Intelligence and Human Cognition in Clinical Medicine and Healthcare
Jerry Ramonyai,110,42,Behavior Analysis with Machine Learning Using R (Chapman & Hall/CRC The R Series)
Stefan Riezler,34,349,Machine Learning Under a Modern Optimization Lens
 and ,31,33,The Master Algorithm: How the Quest for the Ultimate Learning Machine Will Remake Our World
Michael Hagmann,22,67,"Data Science Projects with Python: A case study approach to gaining valuable insights from real data with machine learning, 2nd Edition"
Anthony C. Chang,15,105,Reinforcement Learning: An Introduction (Adaptive Computation and Machine Learning series)
Dimitris Bertsimas,32,22,Deep Learning Interviews: Hundreds of fully solved job interview questions from a wide range of key topics in AI.
 and ,0,113,Machine Learning: The Art and Science of Algorithms that Make Sense of Data
Jack Dunn,98,4,"Introducing HR Analytics with Machine Learning: Empowering Practitioners, Psychologists, and Organizations"
Pedro Domingos,49,15,"Business Data Science: Combining Machine Learning and Economics to Optimize, Automate, and Accelerate Business Decisions"
Stephen Klosterman,110,25,"Machine Learning: Machine Learning For Absolute Beginners, Finance, Business Math, Statistics, Python, Algorithms, Applications, Theory, Design Patterns, Engineering, Excel, Math & Mathematics."
Shlomo Kashani,0,3,Introduction to Machine Learning with R: Rigorous Mathematical Analysis
 and ,39,75,Machine Learning for Cybersecurity
Amir Ivry,27,16,Advanced Deep Learning Strategies for the Analysis of Remote Sensing Images
Peter Flach,0,"20,067","Machine Learning with R: Expert techniques for predictive modeling to solve all your data analysis problems, 2nd Edition"
Christopher M. Rosett,17,167,Statistical Machine Learning: A Unified Framework (Chapman & Hall/CRC Texts in Statistical Science)
 and ,49,19,Brain Candy TV - Educational Videos for Kids
Austin Hagerty,0,14,Teaching Machines: The History of Personalized Learning
Matt Taddy,43,26,Transfer Learning for Natural Language Processing
Jerry Ramonyai,43,11,Text as Data: A New Framework for Machine Learning and the Social Sciences
Scott V. Burger,41,2,"Machine Learning: Digital Finance, Strategic Business Development, Statistics, Python, Algorithms, Computer Science, Applications, Theory, Design Patterns, Engineering, Excel, Math & Mathematics."
Yakoub Bazi,43,33,"Transformers for Natural Language Processing: Build innovative deep neural network architectures for NLP with Python, PyTorch, TensorFlow, BERT, RoBERTa, and more"
 and ,117,53,"Machine Learning with R, the tidyverse, and mlr"
Edoardo Pasolli,35,63,Start with Why: How Great Leaders Inspire Everyone to Take Action
Brett Lantz,45,"2,767","Deep Learning Illustrated: A Visual, Interactive Guide to Artificial Intelligence (Addison-Wesley Data & Analytics Series)"
Audrey Watters,2,36,"MACHINE LEARNING (Mcgraw-Hill International Edit) by Mitchell, Thom M. (1997) Paperback"
Paul Azunre,39,126,The Hundred-Page Machine Learning Book en español (Spanish Edition)
Justin Grimmer,21,36,Introducing MLOps: How to Scale Machine Learning in the Enterprise
", ",39,2,"Machine Learning with TensorFlow, Second Edition"
Margaret E. Roberts,0,74,Industrial Applications of Machine Learning (Chapman & Hall/CRC Data Mining and Knowledge Discovery Series)
", et al.",54,2,Kubeflow for Machine Learning: From Lab to Production
Jerry Ramonyai,9,28,Machine Learning for Hackers: Case Studies and Algorithms to Get You Started
Bernard Marr,0,100,Artificial Intelligence in Practice: How 50 Successful Companies Used AI and Machine Learning to Solve Problems
", ",44,51,"Mastering Machine Learning Algorithms: Expert techniques for implementing popular machine learning algorithms, fine-tuning your models, and understanding how they work, 2nd Edition"
Matt Ward - contributor,96,2,Practical Machine Learning for Data Analysis Using Python
", et al.",49,132,Machine Learning Fundamentals
Giuseppe Bonaccorso,0,25,"Machine Learning: Digital Finance, Strategic Business Math, Statistics, Python, Algorithms, Applications, Theory, Design Patterns, Engineering, Excel, Math & Mathematics."
Abdulhamit Subasi,25,114,Mathematics for Machine Technology
Hui Jiang,170,7,Machine Learning for Planetary Science
Jerry Ramonyai,44,7,Mastering Azure Machine Learning: Perform large-scale end-to-end advanced machine learning in the cloud with Microsoft Azure Machine Learning
John C. Peterson,39,97,Grokking Deep Learning
 and ,10,3,Machine Learning Guide For Novice: Machine learning focuses on applications that learn from experience and improve their decision-making or predictive accuracy over time.
Robert D. Smith,0,7,"Python Machine Learning: Discover the Essentials of Machine Learning, Data Analysis, Data Science, Data Mining, and Artificial Intelligence Using Python Code with Python Tricks"
Joern Helbert,49,176,Machine Learning with Amazon SageMaker Cookbook: 80 proven recipes for data scientists and developers to perform machine learning experiments and deployments
", ",55,6,"Practical Deep Learning for Cloud, Mobile, and Edge: Real-World AI & Computer-Vision Projects Using Python, Keras & TensorFlow"
Mario D'Amore,13,1,"Machine Learning, revised and updated edition (The MIT Press Essential Knowledge series)"
", et al.",40,14,Practical Machine Learning with Python: A Problem-Solver's Guide to Building Real-World Intelligent Systems
Christoph Korner,0,61,Brain Candy TV - Educational Videos for Kids
 and ,0,16,Machine Learning for Beginners: A Comprehensive Guide to Understand Machine Learning. How It Works and How Is Correlated to Artificial Intelligence and Deep Learning.
Kaijisse Waaijer,99,26,Responsible AI: Implementing Ethical and Unbiased Algorithms
Andrew Trask,39,"6,297",Hands-On Gradient Boosting with XGBoost and scikit-learn: Perform accessible machine learning and extreme gradient boosting with Python
Florence J. Martin,49,1,"Introducing Data Science: Big Data, Machine Learning, and more, using Python tools"
Joshua Arvin Lat,0,15,"Building Data Science Applications with FastAPI: Develop, manage, and deploy efficient machine learning applications with Python"
Anirudh Koul,59,20,Python Machine Learning Project
", ",112,25,Machine Learning Engineering in Action
Siddha Ganju,80,22,Statistical Learning for Big Dependent Data (Wiley Series in Probability and Statistics)
", et al.",14,3,"Learning with Kernels: Support Vector Machines, Regularization, Optimization, and Beyond (Adaptive Computation and Machine Learning series)"
Dipanjan Sarkar,89,"1,189",Invisible Women: Data Bias in a World Designed for Men
", ",51,507,Data-Driven Computational Neuroscience: Machine Learning and Statistical Models
Raghav Bali,19,9,Blueprints for Text Analytics Using Python: Machine Learning-Based Solutions for Common Real World (NLP) Applications
", et al.",0,147,Hands-On Machine Learning with ML.NET: Getting started with Microsoft ML.NET to implement popular machine learning algorithms in C#
Chris Neil,49,3,Real-World Machine Learning
", ",131,197,Machine Learning: A Quantitative Approach
Timothy Burke,46,20,Machine Learning Methods for Stylometry: Authorship Attribution and Author Profiling
", et al.",14,89,Machine Learning: Architecture in the Age of Artificial Intelligence
Sray Agarwal,39,45,Introduction to Machine Learning
 and ,14,20,"Hands-On Machine Learning with Scikit-Learn and TensorFlow: Concepts, Tools, and Techniques to Build Intelligent Systems"
Qingquan Song,43,20,Statistical Learning with Sparsity (Chapman & Hall/CRC Monographs on Statistics and Applied Probability)
", ",49,30,Automated Machine Learning in Action
Haifeng Jin,49,5,A First Course in Machine Learning (Chapman & Hall/CRC Machine Learning & Pattern Recognition)
", et al.",80,3,Machine Learning: a Concise Introduction (Wiley Series in Probability and Statistics)
Simon Rogers,2,1,Machine Learning
 and ,9,1,Analyzing Financial Data and Implementing Financial Models Using R (Springer Texts in Business and Economics)
Mark Girolami,0,6,Hands-on Supervised Learning with Python: Learn How to Solve Machine Learning Problems with Supervised Learning Algorithms Using Python
Amit Dua,39,7,Machine Learning in Production: Developing and Optimizing Data Science Workflows and Applications (Addison-Wesley Data & Analytics Series)
 and ,33,5,"Machine Learning: A Comprehensive Journey from Beginner to Advanced Level to Understand Why You Must Keep pace with Innovation, Artificial Intelligence and Big Data with Practical Examples"
Umair Ayub,49,86,Hands-On Ensemble Learning with Python: Build highly optimized ensemble machine learning models using scikit-learn and Keras
Gnana Lakshmi T C,51,8,"Data Science Projects with Python: A case study approach to successful data science projects using Python, pandas, and scikit-learn"
 and ,27,15,Azure Data Scientist Associate Certification Guide: A hands-on guide to machine learning in Azure and passing the Microsoft Certified DP-100 exam
Madeleine Shang,53,6,Machine Learning and Big Data with kdb+/q (Wiley Finance)
Joseph Mining,95,17,"Machine Learning Automation with TPOT: Build, validate, and deploy fully automated machine learning models with Python"
 and ,36,2,"Machine Learning in the Oil and Gas Industry: Including Geosciences, Reservoir Engineering, and Production Engineering with Python"
Adam Hebert,0,11,Fundamentals of Pattern Recognition and Machine Learning
George Kyriakides,33,1,Practical MLOps: Operationalizing Machine Learning Models
 and ,26,71,Multi-Agent Machine Learning: A Reinforcement Approach
Konstantinos G. Margaritis,77,506,Hands-On Unsupervised Learning Using Python: How to Build Applied Machine Learning Solutions from Unlabeled Data
Stephen Klosterman,29,66,Super Wings
Andreas Botsikas,34,5,Learn Quantum Computing with Python and IBM Quantum Experience: A hands-on introduction to quantum computing and writing your own quantum programs with Python
 and ,44,6,Introduction to Machine Learning in the Cloud with Python: Concepts and Practices
Michael Hlobil,9,28,"Algorithmic Trading Methods: Applications Using Advanced Statistics, Optimization, and Machine Learning Techniques"
Jan Novotny,3,37,Implement NLP use-cases using BERT: Explore the Implementation of NLP Tasks Using the Deep Learning Framework and Python (English Edition)
", ",0,1,Genetic Algorithms and Machine Learning for Programmers: Create AI Models and Evolve Solutions (Pragmatic Programmers)
Paul A. Bilokon,83,129,"Learn Amazon SageMaker: A guide to building, training, and deploying machine learning models for developers and data scientists"
", et al.",0,15,AWS Certified Machine Learning Specialty : +260 Exam Practice Questions with detail explanations and reference links - First Edition - 2021
Dario Radečić,82,193,Machine Learning with Python: A Practical Beginners’ Guide (Machine Learning From Scratch Book 2)
Yogendra Narayan Pandey,46,155,"Python for Beginners: Learn Python with This Crash Course for Data Analysis, Machine Learning and Database Programming"
", ",39,40,"Aprende Machine Learning con Scikit-Learn, Keras y TensorFlow: Conceptos, herramientas y técnicas para construir sistemas inteligentes"
Ayush Rastogi,39,26,Machine Learning: The New AI (The MIT Press Essential Knowledge series)
", et al.",56,4,"PYTHON PROGRAMMING FOR BEGINNERS: A CRASH COURSE WITH HANDS-ON PROJECTS TO LEARN PYTHON CODING, GAME PROGRAMMING WITH NO CODING EXPERIENCE IN 7 DAYS TO MASTER MACHINE LEARNING & BIG DATA ANALYSIS"
Ulisses Braga-Neto,39,7,"Digital Mapping of Soil Landscape Parameters: Geospatial Analyses using Machine Learning and Geomatics (Studies in Big Data, 72)"
Noah Gift,69,7,"Generative Deep Learning: Teaching Machines to Paint, Write, Compose, and Play"
 and ,0,28,Hands-On Genetic Algorithms with Python: Applying genetic algorithms to solve real-world deep learning and artificial intelligence problems
Alfredo Deza,49,121,"Hands-On Machine Learning with Microsoft Excel 2019: Build complete data analysis flows, from data collection to visualization"
H. M. Schwartz,0,16,Supervised Learning with Quantum Computers (Quantum Science and Technology)
Ankur A. Patel,56,22,"A Greater Foundation for Machine Learning Engineering: The Hallmarks of the Great Beyond in PyTorch, R, TensorFlow, and Python"
Robert Loredo,0,13,"Building Machine Learning Systems with Python: Explore machine learning and deep learning techniques for building intelligent systems using scikit-learn and TensorFlow, 3rd Edition"
Pramod Gupta,20,17,Machine Learning
Adnan Masood,50,2,Blue's Clues Learning DVD Pack (Big Musical Movie / World Travelers / Holiday Wishes)
 and ,44,17,"Automated Machine Learning: Hyperparameter optimization, neural architecture search, and algorithm selection with cloud platforms"
Ahmed Sherif,0,475,Blippi - Videos for Kids
Abdulhamit Subasi,109,1,Practical Guide for Biomedical Signals Analysis Using Machine Learning Techniques: A MATLAB Based Approach
Ethem Alpaydin,18,70,A Primer on Machine Learning in Subsurface Geosciences (SpringerBriefs in Petroleum Geoscience & Engineering)
George Heineman,0,109,Machine Learning for Kids (Tinker Toddlers )
Chiheb Chebbi,40,31,Introduction to Machine Learning (Adaptive Computation and Machine Learning series)
Abhishek Kumar Pandey,29,3,Big Data and Machine Learning in Quantitative Investment (Wiley Finance)
", ",39,10,Learning Algorithms: A Programmer's Guide to Writing Better Code
Pramod Singh Rathore,24,11,Mastering Machine Learning for Penetration Testing: Develop an extensive skill set to break self-learning systems using Python
", et al.",0,1,Machine Learning and Deep Learning Algorithms: Tools and Techniques Using MATLAB and Python
Jerry Ramonyai,29,88,"Machine Learning: Business Technology, Social Media Advertising, Software Design, Software Development, Software Installation, Software Project Management, Solution Architecture."
IP Specialist,32,4,AWS Certified Machine Learning Specialty : Study Guide with Practice Questions & Labs - Volume 2 of 2: Machine Learning Implementation and Operations: First Edition - 2022
Jules S. Damji,44,33,Targeted Learning in Data Science: Causal Inference for Complex Longitudinal Studies (Springer Series in Statistics)
", ",67,112,Learning Spark: Lightning-Fast Data Analytics
Brooke Wenig,18,67,Mastering Machine Learning with scikit-learn - Second Edition: Apply effective learning algorithms to real-world problems using scikit-learn
author,price,rating,title
Harry Percival,41,225,"Architecture Patterns with Python: Enabling Test-Driven Development, Domain-Driven Design, and Event-Driven Microservices"
 and ,0,49,Python Machine Learning: The Ultimate Beginner's Guide to Learn Python Machine Learning Step by Step using Scikit-Learn and Tensorflow (Computer Programming)
Bob Gregory,49,16,"Building Data Science Applications with FastAPI: Develop, manage, and deploy efficient machine learning applications with Python"
François Voron,12,"1,234",Coding for Kids: Python: Learn to Code with 50 Awesome Games and Activities
Adrienne Tacke,39,4,Python and R for the Modern Data Scientist: The Best of Both Worlds
Rick J. Scavetta,0,580,"Fluent Python: Clear, Concise, and Effective Programming"
 and ,0,70,PYTHON PROGRAMMING FOR BEGINNERS: The Ultimate Guide for Beginners to Expert and Step By Step Guide to Understand Python Programming Concepts (Crash Course on Python Programming)
Boyan Angelov,38,33,Data Structure and Algorithms With Python: The Ultimate Guide Towards Coding
Luciano Ramalho,39,65,Interpretable Machine Learning with Python: Learn to build interpretable high-performance models with hands-on real-world examples
CARL  RYAN,0,48,"Pandas 1.x Cookbook: Practical recipes for scientific computing, time series analysis, and exploratory data analysis using Python, 2nd Edition"
John  Thomas ,11,32,"Python for Beginners: Learn Python with This Crash Course for Data Analysis, Machine Learning and Database Programming"
Serg Masís,0,222,"Programming the Raspberry Pi, Third Edition: Getting Started with Python"
Matt Harrison,32,39,Python for Beginners: Beginner Tips and tricks for learning Python Programming
 and ,39,85,Impractical Python Projects: Playful Programming Activities to Make You Smarter
Theodore Petrou,32,159,"Mastering Object-Oriented Python: Build powerful applications with reusable code using OOP design patterns and Python 3.7, 2nd Edition"
Jason Clark,0,10,Mastering GUI Programming with Python: Develop impressive cross-platform GUI applications with PyQt
 and ,44,2,"Python 3 Object-Oriented Programming: Build robust and maintainable software with object-oriented design patterns in Python 3.8, 3rd Edition"
Christopher Gatterdam,29,364,Machine Learning: 4 Books in 1: A Complete Overview for Beginners to Master the Basics of Python Programming and Understand How to Build Artificial Intelligence Through Data Science
Simon Monk,0,849,Python Programming and Visualization for Scientists
Eleanor  Madison,16,837,"Invent Your Own Computer Games with Python, 4E"
Lee Vaughan,31,47,Python for Kids: A Playful Introduction to Programming
Steven F. Lott,27,417,Python Programming with Design Patterns
Alan D. Moore,42,66,"Python Programming for Beginners: An Introduction to the Python Computer Language and Computer Programming (Python, Python 3, Python Tutorial)"
Dusty Phillips,16,80,"Zero To Mastery In Python Programming, Best Python Book For Beginners, This Python Book Covers A-Z About Programming In Python, Also Comes With Python ... (Zero To Mastery Series By Vei Publishing)"
Samuel Hack,9,370,"Learn Robotics Programming: Build and control AI-enabled autonomous robots using the Raspberry Pi and Python, 2nd Edition"
 and ,0,122,Think Python: How to Think Like a Computer Scientist
Sean Antony,34,145,Python: This Book Includes: Learn How To Develop Programs And Apps In 7 Days With Python Programming And Start Deep Hands-on Learning For Beginners of Data Science And Machine Learning.
Alex Decaria,2,236,Python Programming for Beginners: A Kid's Guide to Coding Fundamentals
", ",55,1,"Python: Programming: Your Step By Step Guide To Easily Learn Python in 7 Days (Python for Beginners, Python Programming for Beginners, Learn Python, Python Language)"
Grant W Petty,0,121,COMPUTER PROGRAMMING AND CYBER SECURITY FOR BEGINNERS: PYTHON: Give your professional possibilities a boost with the Most Useful and Efficient Coding Program
", et al.",9,23,Beyond the Basic Stuff with Python: Best Practices for Writing Clean Code
Al Sweigart,35,"1,121",Python: Programming For Beginners: Learn The Fundamentals of Python in 7 Days
Jason R. Briggs,0,17,Game Development Using Python
James W. Cooper,50,3,PYTHON FOR BEGINNERS: Enter the Real World of Python and Learn How to Think Like a Programmer
Jason Cannon,57,28,Python for Beginners: A crash course to learn Python Programming in 1 Week
Danny Staple,36,101,"System Design Interview – An insider's guide, Second Edition"
Allen B. Downey,44,282,"Hello World!: A complete Python-based computer programming tutorial with fun illustrations, examples, and hand-on exercises."
Oliver R Simpson,37,27,201 Python Programming Exercises Volume 2
 and ,29,27,Bioinformatics Programming Using Python: Practical Programming for Biological Data
Code Developer Academy,47,145,Python Scripting for ArcGIS Pro
Patricia Foster,0,107,Effective Python: 90 Specific Ways to Write Better Python (Effective Software Development Series)
iCode Academy,17,47,"Advanced Python Programming: Build high performance, concurrent, and multi-threaded apps with Python using proven design patterns"
 and ,44,45,"Practical Python Programming for IoT: Build advanced IoT projects using a Raspberry Pi 4, MQTT, RESTful APIs, WebSockets, and Python 3"
Ben Shaw,17,45,Web Development with Django: Learn to build modern web applications with a Python-based framework
", ",2,236,Python: Programming For Beginners: Learn The Fundamentals of Python in 7 Days
Saurabh Badhwar,44,56,Introduction to Computing and Programming in Python (2-downloads)
", et al.",39,58,Practical Programming: An Introduction to Computer Science Using Python 3.6
Michael Knapp,0,9,Python for (Absolute) Beginners: A Practical Introduction to Modern Python with Simple Hands-on Projects (Learn Real Programming Book 1)
 and ,67,"2,589","Fluent Python: Clear, Concise, and Effective Programming"
Python Programming,49,310,"Machine Learning for Time-Series with Python: Forecast, predict, and detect anomalies with state-of-the-art machine learning methods"
Mercedes Guijarro-Crouch,27,41,"Hands-On Machine Learning with Scikit-Learn, Keras, and TensorFlow: Concepts, Tools, and Techniques to Build Intelligent Systems"
 and ,36,50,"Python Machine Learning: Machine Learning and Deep Learning with Python, scikit-learn, and TensorFlow 2, 3rd Edition"
Barbara Ericson,39,"2,649","Tiny Python Projects: 21 small fun projects for Python beginners designed to build programming skill, teach new algorithms and techniques, and introduce software testing"
Paul Gries,0,66,ETHICAL HACKING AND CYBER SECURITY FOR BEGINNERS : Computer Programming and Python Machine Learning Ethical Hacking Coding and Cybersecurity For Beginners
", ",63,145,Introduction to Programming in Python: An Interdisciplinary Approach
Jennifer Campbell,0,442,"AI: Artificial Intelligence, Machine Learning, Ethics, Blockchain, Banking Foundations, Investor, SCIFI, Python, Marketing, Strategy, Programming, Robots, Science Fiction, Trading Bots & China."
", et al.",11,327,"C Programming Language, 2nd Edition"
Luciano Ramalho,29,9,Bite-Size Python: An Introduction to Python Programming
Ben Auffarth,40,30,PYTHON PROGRAMMING: 3 BOOKS IN 1: The Complete guide to Learn Everything you Need to Know about Python
Aurélien Géron,15,"5,981",Python Programming: An Introduction to Computer Science
Sebastian Raschka,0,100,"Learn Python Quickly: A Complete Beginner’s Guide to Learning Python, Even If You’re New to Programming (Crash Course With Hands-On Project)"
 and ,45,30,"Python Coding and Programming: Start to Learn the Hard Core of Computer Programming, Data Analysis and Coding Project in Python"
Vahid Mirjalili,58,16,Artificial Intelligence in Finance: A Python-Based Guide
Ken Youens-Clark,44,235,Cracking the Coding Interview: 189 Programming Questions and Solutions
MASON STEVEN,5,86,"Test-Driven Development with Python: Obey the Testing Goat: Using Django, Selenium, and JavaScript"
Robert Sedgewick,17,32,"Introduction to Programming Using Python, An (2-downloads)"
", ",49,257,The Super Simple Programming Book: Learn Basic Programming Concepts With Python
Kevin Wayne,44,313,Python Programming For Beginners - Learn The Basics Of Python In 7 Days!
", et al.",34,3,Learn Robotics Programming: Build and control autonomous robots using Raspberry Pi 3 and Python
Jerry Ramonyai,23,474,Practical Maya Programming with Python
Brian W. Kernighan,57,6,Artificial Intelligence and Deep Learning with Python: Every Line of Code Explained For Readers New to AI and New to Python
 and ,23,61,Introducing Python: Modern Computing in Simple Packages
Dennis M. Ritchie,28,"1,272",OCA / OCP Java SE 8 Programmer Certification Kit: Exam 1Z0-808 and Exam 1Z0-809
April Speight,19,7,"Python for Beginners: 2 Books in 1: Python Programming for Beginners, Python Workbook"
Clive Campbell,13,97,"Python Cookbook, Third Edition"
John Zelle,53,18,"PYTHON PROGRAMMING: 3 BOOKS IN 1 Learn machine learning, data science and analysis with a crash course for beginners. Included coding exercises for artificial intelligence, Numpy, Pandas and Ipython."
A high quality digital reading experience.,28,173,Introduction to Computing Using Python: An Application Development Focus
Michael Learn,49,20,"Python for Data Analysis: Data Wrangling with Pandas, NumPy, and IPython"
", ",34,63,Object-Oriented Programming in Python
Kevin Tromp,14,264,"Python in 24 Hours, Sams Teach Yourself"
", et al.",0,72,Python Distilled (Developer's Library)
Yves Hilpisch,17,2,Teach Your Kids to Code: A Parent-Friendly Guide to Python Programming
Gayle Laakmann McDowell,45,137,Python API Development Fundamentals: Develop a full-stack web application with Python and Flask
Harry Percival,0,2,Python Programming for Beginners: The complete Guide to Learn Python Quickly and Confidently. Included Practical and Advanced Activities to Explain How Python can Simplify your Life
David I. Schneider,34,38,"Coding For Kids 2022: Python Programming Very Easy: Coding And Design Games, And All Information For Coding Bundle"
Stefan Jansen,44,174,"Machine Learning for Algorithmic Trading: Predictive models to extract signals from market and alternative data for systematic trading strategies with Python, 2nd Edition"
Brandon Rhodes,27,20,"Python Coding for Teens Learn to Code Course for Beginners: Introduction to Python Programming Language. Guide to Coding with 139 activities with ... Teens, Adults. Practical Programming Intro)"
 and ,40,89,Foundations of Python Network Programming
John Goerzen,17,118,Fundamentals of Python: First Programs
Kenneth A. Lambert,41,158,Programming Bitcoin: Learn How to Program Bitcoin from Scratch
Jimmy Song,0,55,Python: Programming Basics for Absolute Beginners
Martin Fitzpatrick,14,2,Create GUI Applications with Python & Qt5 (PyQt5 Edition): The hands-on guide to making apps with Python
Ray Yao,0,2,"Python: Python Programming, In 8 Hours, For Beginners, Learn Coding Fast: Python Programming Language Crash Course Tutorial, Quick Start Guide & Exercises"
", ",49,1,GUI Programming with Python and Kivy
Lua C. Perl,43,1,Learning Test-Driven Development: A Polyglot Guide to Writing Uncluttered Code
", et al.",67,64,"Discovering Computer Science: Interdisciplinary Problems, Principles, and Python Programming (Chapman & Hall/CRC Textbooks in Computing)"
Kamil Pakula,51,283,Python for Algorithmic Trading: From Idea to Cloud Deployment
Saleem Siddiqui,20,20,Python by Example: Learning to Program in 150 Challenges
Yves Hilpisch,0,133,"Deep Learning with Python, Second Edition"
Nichola Lacey,19,33,"Computer Programming: The Bible: Learn from the basics to advanced of Python, C, C++, C#, HTML Coding, and Black Hat Hacking Step-by-Step in No Time!"
Francois Chollet,0,30,Python para Principiantes: 2 Libros en 1: Programación de Python para principiantes + Libro de trabajo de Python (Spanish Edition)
CyberPunk Architects,44,4,"Python Programming: 3 Books in 1: Ultimate Beginner’s, Intermediate & Advanced Guide to Learn Python Step-by-Step"
 and ,59,24,Python Network Programming Techniques: 50 real-world recipes to automate infrastructure networks and overcome networking challenges with Python
Adam Johnson,31,4,Python Workout: 50 ten-minute exercises
Programming Languages Academy,0,993,Python Network Programming Cookbook - Second Edition: Practical solutions to overcome real-world networking challenges
Ryan Turner,32,64,"Python Programming For Beginners: Learn The Basics Of Python Programming (Python Crash Course, Programming for Dummies)"
 and ,0,22,"Python Programming for Raspberry Pi, Sams Teach Yourself in 24 Hours (Sams Teach Yourself -- Hours)"
Russell Newton,10,465,Python Machine Learning for Beginners: All You Need to Know about Machine Learning with Python
Marcel Neidinger,28,37,Beginners Guide to TI-84 Plus CE Python Programming Calculator: A Simple Beginners Guide to Texas Instrument TI-84 Plus CE Python Programming Calculator with Tips and Tricks to Write Python Codes
Reuven M. Lerner,41,229,Data Science from Scratch: First Principles with Python
Pradeeban Kathiravelu,12,3,Advanced Python Scripting for ArcGIS Pro
 and ,44,12,Beginning Programming with Python For Dummies (For Dummies (Computer/Tech))
Dr. M. O. Faruque Sarker,29,209,Introduction to GIS Programming and Fundamentals with Python and ArcGIS®
James Tudor,0,7,Building Web Apps with Python and Flask: Learn to Develop and Deploy Responsive RESTful Web Applications Using Flask Framework (English Edition)
Richard Blum,43,7,Comprehensive Python Cheatsheet: PYTHON PROGRAMMING LANGUAGE
 and ,44,91,Python for Finance: Mastering Data-Driven Finance
Christine Bresnahan,38,57,Python Programming for Biology: Bioinformatics and Beyond
Alex Campbell,14,17,Exercises in Programming Style
Obakoma G. Martins,26,446,Python for Biologists: A complete programming course for beginners
Joel Grus,29,11,"Python Programming For Beginners In 2021: Learn Python In 5 Days With Step By Step Guidance, Hands-on Exercises And Solution (Fun Tutorial For Novice Programmers) (Easy Coding Crash Course)"
Paul A. Zandbergen,0,11,Learn to Code by Solving Problems: A Python Programming Primer
John Paul Mueller,9,80,Black Hat Python: Python Programming for Hackers and Pentesters
Chaowei Yang,49,15,"Functional Python Programming: Discover the power of functional programming, generator functions, lazy evaluation, the built-in itertools library, and monads, 2nd Edition"
Malhar Lathkar,45,5,Python Programming: The Crash Course to Learn how To Master Python Coding Language with Practical Exercises to Apply Theory and Some Tips and Tricks to Learn Faster Computer Programming
GLC Srl,23,57,"Modern Tkinter for Busy Python Developers: Quickly learn to create great looking user interfaces for Windows, Mac and Linux using Python's standard GUI toolkit"
Yves Hilpisch,21,64,Learn Web Development with Python: Get hands-on with Python Programming and Django web development
Tim J. Stevens,0,716,Pandas in Action
Cristina Videira Lopes,14,66,Real-World Python: A Hacker's Guide to Solving Problems with Code
Dr Martin Jones,49,66,"Computer Programming for Beginners and Cybersecurity: The Ultimate Manual to Learn step by step how to Professionally Code and Protect Your Data. This Book includes: Python, Java, C++ & Cybersecurity"
Michael Knapp,0,168,Python: Programming for Advanced: Learn the Fundamentals of Python in 7 Days
 and ,2,141,Python: Programming for Intermediates: Learn the Fundamentals of Python in 7 Days
Python Programming,62,31,Deep Learning: A Visual Approach
Michael Knapp,39,14,Hands-On Application Development with PyCharm: Accelerate your Python applications using practical coding techniques in PyCharm
 and ,0,"1,317",The Self-Taught Programmer: The Definitive Guide to Programming Professionally
Python Programming,39,36,Advancing into Analytics: From Excel to Python and R
Andrew Glassner,49,8,Hands-On Software Engineering with Python: Move beyond basic programming and construct reliable and efficient software with complex code
Quan Nguyen,9,73,Learning Scientific Programming with Python
Cory Althoff,33,66,Learn Quantum Computing with Python and IBM Quantum Experience: A hands-on introduction to quantum computing and writing your own quantum programs with Python
A high quality digital reading experience.,39,340,Django for Beginners: Build Websites with Python and Django
George Mount,46,92,Gray Hat Python: Python Programming for Hackers and Reverse Engineers
Brian Allbee,39,723,Elements of Programming Interviews: The Insiders' Guide
Christian Hill,11,367,"Coding for Kids: Scratch: Learn Coding Skills, Create 10 Fun Games, and Master Scratch"
Robert Loredo,0,10,"The Python Bible Volume 2: Python Programming For Intermediates (Advanced, Professional)"
William S. Vincent,36,"1,626",Design Patterns: Elements of Reusable Object-Oriented Software
Justin Seitz,29,86,"Numerical Python: Scientific Computing and Data Science Applications with Numpy, SciPy and Matplotlib"
Adnan Aziz,24,176,The Python Workshop: Learn to code in Python and kickstart your career in software development or data science
", ",9,3,Python for the TI-84: Powerful Python programs and games for the TI-84 Plus CE Graphing Calculator (Practical Python Programming)
Tsung-Hsien Lee,0,406,"Python Programming: Your Advanced Guide To Learn Python in 7 Days: ( python guide , learning python , python programming projects , python tricks , python 3 )"
", et al.",0,71,"C++: The Ultimate Beginners Guide to Effectively Design, Develop, and Implement a Robust Program Step-by-Step (Computer Programming)"
Matthew Highland,0,15,"Python Programming: The Ultimate Guide from Beginner to Expert, All You Need to Know About Python, Tools, Tricks, Best Practices and Advanced Features"
Erich Gamma,39,57,Starting Out with Python Plus MyLab Programming with Pearson eText -- Access Card Package
", ",40,13,Practical Python Programming: 100+ Practical Python Programming Practices And Projects
Richard Helm,30,13,"Scientific Computing with Python: High-performance scientific computing with NumPy, SciPy, and pandas, 2nd Edition"
", et al.",0,17,Programming ArcGIS Pro with Python
Robert Johansson,0,7,Python Programming: for Engineers and Scientists
Andrew Bird,0,130,"Doing Math with Python: Use Programming to Explore Algebra, Statistics, Calculus, and More!"
", ",0,9,Learn Python Programming Quickly: A Beginner's Guide To Coding With Python By Learning Just 5 Simple Concepts. Start Coding Within 3 Hours.
Dr Lau Cher Han,12,41,"PYTHON PROGRAMMING FOR BEGINNERS: Your Personal Guide for Getting into Programming, Level Up Your Coding Skills from Scratch and Use Python Like A Mother Language (Python programming language)"
", et al.",110,215,Data Driven
Maurice J. Thompson,24,54,"PYTHON ALGORITHMS: A Complete Guide to Learn Python for Data Analysis, Machine Learning, and Coding from Scratch (Python programming language)"
 and ,62,24,"Coding for Kids: The Complete Guide Python Programming for kids, Learn to Code with Games"
Python Programming,59,28,Data Science Using Python and R (Wiley Series on Methods and Applications in Data Mining)
Clive Campbell,43,13,OpenSCAD Cookbook: OpenSCAD Recipes for learning 3D modeling (Practical Python Programming)
", ",43,25,"A Primer on Scientific Programming with Python (Texts in Computational Science and Engineering, 6)"
Austin R. Stoler,21,257,Python Programming: An Introduction to Computer Science
", et al.",0,1,Learn Quantum Computing with Python and Q#: A hands-on approach
Tony Gaddis,0,89,Head First Programming: A learner's guide to programming using the Python language
Emenwa Global,44,12,Python Network Programming: Conquer all your networking challenges with the powerful Python language
 and ,0,61,Developing Graphics Frameworks with Python and OpenGL
Ejike IfeanyiChukwu,25,20,"AI: Artificial Intelligence, Machine Learning, Ethics, Blockchain, Banking Foundations, Investor, SCIFI, Python, Marketing, Strategy, Programming, Robots, Science Fiction, Trading Bots & China."
Claus Führer,40,67,Hands-On GPU Programming with Python and CUDA: Explore high-performance parallel computing with CUDA
", ",24,11,"Computer Programming: This Book Includes: SQL, Linux, Java, Python, C#, Arduino, C# For Intermediates, Arduino For Intermediates Learn Any Computer Language In One Day Step by Step (#2022 Version): This Book Includes: SQL, Linux, Java, Python, C#, Arduino, C# for Intermediates, Arduino for Intermediates"
Jan Erik Solem,49,37,SQL AND Python Programming: 2 Books IN 1!
", et al.",0,274,"Math for Programmers: 3D graphics, machine learning, and simulations with Python"
Shane  Black,0,33,"SQL For Beginners: Comprehensive Programming Guide for Learning SQL Languages, Coding, Data Science and Mastering Databases (2022 Crash Course For All)"
Frederick Kaefer,22,3,Introduction to Python Programming for Business and Social Science Applications
 and ,0,"2,283",Algorithms to Live By: The Computer Science of Human Decisions
Paul Kaefer,11,"1,352","Programming Arduino: Getting Started with Sketches, Second Edition (Tab)"
Brian Christian,0,"1,487","Programming: 4 Manuscripts in 1 Book: Python for Beginners, Python 3 Guide, Learn Java, Excel 2016"
", ",35,2,Python GUI with MySQL: A Step By Step Guide to Database Programming
Tom Griffiths,0,161,Amazon Virtual Private Cloud: User Guide
", et al.",32,750,JavaScript: The Definitive Guide: Master the World's Most-Used Programming Language
Simon Monk,0,148,Introduction to Scientific Programming with Python (Simula SpringerBriefs on Computing Book 6)
Timothy C. Needham,46,657,Head First JavaScript Programming: A Brain-Friendly Guide
", ",34,113,"Python Testing with pytest: Simple, Rapid, Effective, and Scalable"
Zac Aleman,39,392,Python Basics: A Practical Introduction to Python 3
", et al.",0,9,"Coding For Kids: Python Programming - Code Games: The Ways Coding For Kids - Scratch Coding: Computer, Apps, And Web"
Vivian Siahaan,39,9,Effective Python Development for Biologists: Tools and techniques for building biological programs
 and ,0,92,Python: 3 Books in 1: Python Basics for Beginners + Python Automation Techniques and Web Scraping + Python for Data Science and Machine Learning
Rismon Hasiholan Sianipar,21,7,"Code This Game!: Make Your Game Using Python, Then Break Your Game to Create a New One!"
Amazon Web Services,39,57,"Mastering Flask Web Development: Build enterprise-grade, scalable Python web applications, 2nd Edition"
David Flanagan,0,5,Programming Computer Vision with Python: Tools and algorithms for analyzing images
Brian Okken,9,28,Advance Core Python Programming: Begin your Journey to Master the World of Python (English Edition)
David Amos,33,39,"Python Data Analysis: Perform data collection, data processing, wrangling, visualization, and model building using Python, 3rd Edition"
", ",0,36,"Coding Games In Python: Step by step no coding experience guide, learn to code for your awesome games on Windows 11"
Dan Bader,0,202,Python Programming: Your Intermediate Guide to Learn Python in 7 Days
", et al.",44,61,C++ Crash Course: A Fast-Paced Introduction
PATRICIA JASMINE,17,74,"Excel 2021: The complete illustrated guide lets you become a master of Excel. Tutorials, practical examples, and brand new 9-minute-a-day innovative method to become #1 in your workspace and beyond!"
Dr Martin Jones,24,295,"Coding for Absolute Beginners and Cybersecurity: 5 BOOKS IN 1 THE PROGRAMMING BIBLE: Learn Well the Fundamental Functions of Python, Java, C++ and How to Protect Your Data from Hacker Attacks"
Andy Vickler,0,6,"PYTHON PROGRAMMING FOR BEGINNERS: A CRASH COURSE WITH HANDS-ON PROJECTS TO LEARN PYTHON CODING, GAME PROGRAMMING WITH NO CODING EXPERIENCE IN 7 DAYS TO MASTER MACHINE LEARNING & BIG DATA ANALYSIS"
 and ,0,325,Think Like a Programmer: An Introduction to Creative Problem Solving
Helpful Matthew,0,17,"Learn Python Programming: This Book Will Teach You About the Language, Data Analysis, and Algorithms and Will Level up Your Skills in Computer Programming to Become an Expert Pythonista"
Meg Ray,17,22,Python 3 Programming: A Beginner Crash Course Guide to Learn Python 3 in One Week
", ",0,67,Python Machine Learning: A Step by Step Beginner’s Guide to Learn Machine Learning Using Python
Odd Dot,34,5,PYTHON PROGRAMMING: A BEGINNER;S GUIDE TO BECOME A MASTER PYTHON PROGRAMMER
", et al.",0,341,Effective Computation in Physics: Field Guide to Research with Python
Daniel Gaspar,15,16,Python Programming for Beginners: The Ultimate Guide to Learn Python Programming - The Complete Crash Course to Mastering Python with Practical Applications to Data Analysis.
 and ,11,14,"Learn JavaScript Quickly: A Complete Beginner’s Guide to Learning JavaScript, Even If You’re New to Programming (Crash Course With Hands-On Project)"
Jack Stouffer,44,97,Coding for Beginners: Python: A Step-by-Step Guide to Learning Python Programing with Game and App Development Projects (Learn to Code)
Jan Erik Solem,50,17,Python Algorithmic Trading Cookbook: All the recipes you need to implement your own algorithmic trading strategies in Python
Meenu Kohli,0,306,"Python 3 Standard Library by Example, The (Developer's Library)"
Avinash Navlani,0,1,Python for Beginners: The Ultimate Beginners Guide to Python Programming with Step by Step Guidance and Hands-On Examples.
", ",39,22,Programming for Computations - Python: A Gentle Introduction to Numerical Simulations with Python 3.6 (Texts in Computational Science and Engineering Book 15)
Armando Fandango,39,"1,174",Hardcore Programming for Mechanical Engineers: Build Engineering Applications from Scratch
", et al.",0,17,"Cleaning Data for Effective Data Science: Doing the other 80% of the work with Python, R, and command-line tools"
Steve Cain,39,102,"Python Crash Course: A Hands-On, Project-Based Introduction to Programming"
Maurice J. Thompson,22,1,"Python Programming: A complete beginners guide on python machine learning, data science and tools (Computer Programming Book 1)"
", ",0,110,"Python One-Liners: Write Concise, Eloquent Python Like a Professional"
Ronald Hillman,0,138,python programming
", et al.",49,19,Data Jujitsu: The Art of Turning Data into Product
Christoph Durr,39,13,Competitive Programming in Python: 128 Algorithms to Develop your Coding Skills
Treesome Books,12,46,"Coding for Kids: A Hands-on Guide to Learning the Fundamentals of How to Code Games, Apps and Websites (Learn to Code)"
The Tech Academy,7,2,PCAP - Certified Associate in Python Programming Exam Practice Questions and Dumps: Exam Practice Questions for PCAP LATEST VERSION
", ",3,240,Learn Coding Basics in Hours with Python
Jack C. Stanley,7,3,Python Programming Notebook: A Python Programming Notebook|Journal|Diary For Daily Use
", et al.",45,35,MATLAB for Brain and Cognitive Scientists (The MIT Press)
Sanders Industries LLC Publishing,29,72,The Quick Python Book
Mike X Cohen,30,6,Visual Studio Code for Python Programmers
Naomi Ceder,0,9,Python Programming: Tips and Tricks: The Ultimate Cheatsheet for Python Programming (20+ tips and tricks)
April Speight,89,79,"Trader Construction Kit: Fundamental & Technical Analysis, Risk Management, Directional Trading, Spreads, Options, Quantitative Strategies, Execution, Position Management, Data Science & Programming"
CB Publishing,44,3,"Python Microservices Development: Build efficient and lightweight microservices using the Python tooling ecosystem, 2nd Edition"
Joel Rubano,0,53,"Coding For Kids: Programming Languages: Learn Languages Java, Coding, Python, Html, And Javascript"
Simon Fraser,0,52,C#: The Ultimate Intermediate Guide To Learn C# Programming Step By Step (Computer Programming)
 and ,23,"1,740",Python Programming: This Book Includes: Python for Beginners - Python for Data Science
Tarek Ziadé,99,70,"Introduction to Algorithms, 3rd Edition (The MIT Press)"
PATRICIA  JASMINE,24,"2,138",Think Java: How to Think Like a Computer Scientist
Daniel O'Reilly,0,6,C Programming: Language: A Step by Step Beginner's Guide to Learn C Programming in 7 Days
